Review,Sentiment
"Decent, but could be better. Would buy again.",Neutral
"The quality is okay, not great. Poor craftsmanship.",Neutral
It broke after one use. Horrible! Highly recommend.,Negative
Absolutely fantastic service! Would buy again.,Positive
Very disappointed with the quality. Highly recommend.,Negative
It broke after one use. Horrible! Poor craftsmanship.,Negative
"Terrible experience, never buying again. Highly recommend.",Negative
Absolutely fantastic service!,Positive
"The quality is okay, not great. Poor craftsmanship.",Neutral
"Terrible experience, never buying again. Poor craftsmanship.",Negative
Worst product I’ve ever used. Highly recommend.,Negative
"Decent, but could be better. Excellent quality.",Neutral
I love this product! It's amazing. Not recommended.,Positive
Very disappointed with the quality. Excellent quality.,Negative
"The quality is okay, not great.",Neutral
"The quality is okay, not great. Highly recommend.",Neutral
I love this product! It's amazing.,Positive
"The quality is okay, not great. Would buy again.",Neutral
Exceeded my expectations. Would buy again.,Positive
"Terrible experience, never buying again. Excellent quality.",Negative
Very disappointed with the quality. Highly recommend.,Negative
"The quality is okay, not great. Excellent quality.",Neutral
"The quality is okay, not great. Would buy again.",Neutral
Very disappointed with the quality. Excellent quality.,Negative
"Terrible experience, never buying again.",Negative
Absolutely fantastic service! Poor craftsmanship.,Positive
It broke after one use. Horrible! Would buy again.,Negative
Exceeded my expectations. Waste of money.,Positive
I love this product! It's amazing. Waste of money.,Positive
Exceeded my expectations. Would buy again.,Positive
Very disappointed with the quality. Not recommended.,Negative
Exceeded my expectations. Excellent quality.,Positive
Worst product I’ve ever used. Excellent quality.,Negative
Absolutely fantastic service! Not recommended.,Positive
Worst product I’ve ever used. Not recommended.,Negative
Worst product I’ve ever used. Would buy again.,Negative
"Terrible experience, never buying again. Not recommended.",Negative
Absolutely fantastic service! Would buy again.,Positive
"The quality is okay, not great.",Neutral
"Decent, but could be better. Poor craftsmanship.",Neutral
Satisfied with the purchase. Poor craftsmanship.,Positive
Satisfied with the purchase. Not recommended.,Positive
Very disappointed with the quality. Poor craftsmanship.,Negative
"Decent, but could be better. Highly recommend.",Neutral
Worst product I’ve ever used. Not recommended.,Negative
Very disappointed with the quality. Waste of money.,Negative
Absolutely fantastic service! Poor craftsmanship.,Positive
"Terrible experience, never buying again. Would buy again.",Negative
"Decent, but could be better. Highly recommend.",Neutral
It broke after one use. Horrible! Highly recommend.,Negative
Very disappointed with the quality.,Negative
Satisfied with the purchase.,Positive
"Decent, but could be better.",Neutral
Exceeded my expectations. Excellent quality.,Positive
"Terrible experience, never buying again. Would buy again.",Negative
Absolutely fantastic service! Poor craftsmanship.,Positive
Very disappointed with the quality. Waste of money.,Negative
Exceeded my expectations. Waste of money.,Positive
I love this product! It's amazing. Not recommended.,Positive
"Terrible experience, never buying again. Waste of money.",Negative
"Terrible experience, never buying again. Poor craftsmanship.",Negative
"The quality is okay, not great. Would buy again.",Neutral
"Terrible experience, never buying again. Would buy again.",Negative
"The quality is okay, not great. Not recommended.",Neutral
Very disappointed with the quality. Poor craftsmanship.,Negative
Exceeded my expectations. Would buy again.,Positive
"Decent, but could be better. Poor craftsmanship.",Neutral
"Decent, but could be better. Poor craftsmanship.",Neutral
Worst product I’ve ever used. Waste of money.,Negative
Very disappointed with the quality. Poor craftsmanship.,Negative
Worst product I’ve ever used. Not recommended.,Negative
Worst product I’ve ever used. Waste of money.,Negative
Worst product I’ve ever used. Would buy again.,Negative
"The quality is okay, not great. Excellent quality.",Neutral
"Terrible experience, never buying again. Not recommended.",Negative
I love this product! It's amazing. Highly recommend.,Positive
Exceeded my expectations. Poor craftsmanship.,Positive
Very disappointed with the quality.,Negative
Satisfied with the purchase. Excellent quality.,Positive
Absolutely fantastic service! Highly recommend.,Positive
It broke after one use. Horrible! Not recommended.,Negative
Exceeded my expectations. Waste of money.,Positive
Absolutely fantastic service! Waste of money.,Positive
It broke after one use. Horrible! Excellent quality.,Negative
I love this product! It's amazing. Poor craftsmanship.,Positive
Exceeded my expectations. Poor craftsmanship.,Positive
Absolutely fantastic service! Poor craftsmanship.,Positive
It broke after one use. Horrible!,Negative
"The quality is okay, not great. Waste of money.",Neutral
Very disappointed with the quality. Not recommended.,Negative
Absolutely fantastic service!,Positive
"Decent, but could be better. Waste of money.",Neutral
"Terrible experience, never buying again. Not recommended.",Negative
I love this product! It's amazing. Excellent quality.,Positive
It broke after one use. Horrible! Waste of money.,Negative
It broke after one use. Horrible! Waste of money.,Negative
"Terrible experience, never buying again. Would buy again.",Negative
Exceeded my expectations. Would buy again.,Positive
"Terrible experience, never buying again. Not recommended.",Negative
Exceeded my expectations. Excellent quality.,Positive
Very disappointed with the quality. Excellent quality.,Negative
Worst product I’ve ever used. Waste of money.,Negative
I love this product! It's amazing. Not recommended.,Positive
It broke after one use. Horrible! Highly recommend.,Negative
"Decent, but could be better.",Neutral
Satisfied with the purchase.,Positive
Very disappointed with the quality. Not recommended.,Negative
Satisfied with the purchase. Waste of money.,Positive
Exceeded my expectations. Excellent quality.,Positive
"Decent, but could be better. Waste of money.",Neutral
Worst product I’ve ever used. Would buy again.,Negative
Exceeded my expectations. Not recommended.,Positive
"The quality is okay, not great.",Neutral
Very disappointed with the quality. Poor craftsmanship.,Negative
Satisfied with the purchase. Would buy again.,Positive
Satisfied with the purchase. Highly recommend.,Positive
It broke after one use. Horrible!,Negative
"Terrible experience, never buying again.",Negative
"The quality is okay, not great. Excellent quality.",Neutral
Exceeded my expectations. Highly recommend.,Positive
Exceeded my expectations. Waste of money.,Positive
"Decent, but could be better. Excellent quality.",Neutral
"Decent, but could be better. Not recommended.",Neutral
Very disappointed with the quality. Highly recommend.,Negative
"Terrible experience, never buying again. Would buy again.",Negative
Absolutely fantastic service! Waste of money.,Positive
"Decent, but could be better. Waste of money.",Neutral
"Decent, but could be better. Waste of money.",Neutral
Very disappointed with the quality. Not recommended.,Negative
Absolutely fantastic service! Not recommended.,Positive
"Terrible experience, never buying again. Poor craftsmanship.",Negative
Absolutely fantastic service! Would buy again.,Positive
"Terrible experience, never buying again. Would buy again.",Negative
It broke after one use. Horrible! Excellent quality.,Negative
"The quality is okay, not great.",Neutral
Worst product I’ve ever used. Excellent quality.,Negative
Satisfied with the purchase. Not recommended.,Positive
Exceeded my expectations. Not recommended.,Positive
Worst product I’ve ever used. Waste of money.,Negative
I love this product! It's amazing. Waste of money.,Positive
Satisfied with the purchase. Waste of money.,Positive
"Decent, but could be better. Poor craftsmanship.",Neutral
"The quality is okay, not great. Poor craftsmanship.",Neutral
"Decent, but could be better. Not recommended.",Neutral
"The quality is okay, not great. Excellent quality.",Neutral
"The quality is okay, not great. Not recommended.",Neutral
Worst product I’ve ever used. Would buy again.,Negative
"Terrible experience, never buying again. Would buy again.",Negative
Exceeded my expectations.,Positive
"The quality is okay, not great. Poor craftsmanship.",Neutral
Satisfied with the purchase.,Positive
I love this product! It's amazing. Not recommended.,Positive
"Terrible experience, never buying again.",Negative
Worst product I’ve ever used. Not recommended.,Negative
"Terrible experience, never buying again.",Negative
Very disappointed with the quality. Not recommended.,Negative
Very disappointed with the quality. Highly recommend.,Negative
It broke after one use. Horrible! Not recommended.,Negative
Very disappointed with the quality. Would buy again.,Negative
Satisfied with the purchase. Poor craftsmanship.,Positive
I love this product! It's amazing. Waste of money.,Positive
Satisfied with the purchase. Not recommended.,Positive
I love this product! It's amazing.,Positive
Exceeded my expectations. Highly recommend.,Positive
I love this product! It's amazing. Not recommended.,Positive
Satisfied with the purchase. Not recommended.,Positive
"The quality is okay, not great. Waste of money.",Neutral
Very disappointed with the quality.,Negative
"Decent, but could be better. Not recommended.",Neutral
"Terrible experience, never buying again. Poor craftsmanship.",Negative
Exceeded my expectations.,Positive
"Decent, but could be better. Not recommended.",Neutral
Absolutely fantastic service! Waste of money.,Positive
Very disappointed with the quality. Not recommended.,Negative
"Terrible experience, never buying again. Not recommended.",Negative
"Terrible experience, never buying again. Excellent quality.",Negative
Exceeded my expectations. Would buy again.,Positive
Very disappointed with the quality. Poor craftsmanship.,Negative
Very disappointed with the quality. Poor craftsmanship.,Negative
"Decent, but could be better. Poor craftsmanship.",Neutral
"The quality is okay, not great. Highly recommend.",Neutral
It broke after one use. Horrible! Poor craftsmanship.,Negative
Worst product I’ve ever used. Poor craftsmanship.,Negative
Worst product I’ve ever used. Highly recommend.,Negative
Exceeded my expectations. Poor craftsmanship.,Positive
Absolutely fantastic service! Would buy again.,Positive
"The quality is okay, not great. Not recommended.",Neutral
Worst product I’ve ever used. Excellent quality.,Negative
"Terrible experience, never buying again. Waste of money.",Negative
It broke after one use. Horrible! Would buy again.,Negative
Satisfied with the purchase. Excellent quality.,Positive
Worst product I’ve ever used. Not recommended.,Negative
It broke after one use. Horrible! Highly recommend.,Negative
"The quality is okay, not great. Would buy again.",Neutral
Exceeded my expectations. Would buy again.,Positive
"Decent, but could be better.",Neutral
Very disappointed with the quality. Waste of money.,Negative
Very disappointed with the quality. Waste of money.,Negative
Satisfied with the purchase. Waste of money.,Positive
It broke after one use. Horrible! Would buy again.,Negative
"The quality is okay, not great. Poor craftsmanship.",Neutral
Exceeded my expectations. Highly recommend.,Positive
"Terrible experience, never buying again. Excellent quality.",Negative
Worst product I’ve ever used. Highly recommend.,Negative
I love this product! It's amazing. Highly recommend.,Positive
"The quality is okay, not great. Waste of money.",Neutral
"Decent, but could be better. Highly recommend.",Neutral
"Terrible experience, never buying again. Highly recommend.",Negative
Very disappointed with the quality. Poor craftsmanship.,Negative
Very disappointed with the quality.,Negative
"Decent, but could be better. Not recommended.",Neutral
Worst product I’ve ever used.,Negative
"The quality is okay, not great. Waste of money.",Neutral
"Terrible experience, never buying again. Highly recommend.",Negative
Exceeded my expectations. Highly recommend.,Positive
Exceeded my expectations. Poor craftsmanship.,Positive
"Decent, but could be better. Excellent quality.",Neutral
It broke after one use. Horrible!,Negative
I love this product! It's amazing. Not recommended.,Positive
I love this product! It's amazing. Would buy again.,Positive
Satisfied with the purchase. Not recommended.,Positive
Very disappointed with the quality. Not recommended.,Negative
"Decent, but could be better.",Neutral
It broke after one use. Horrible! Not recommended.,Negative
It broke after one use. Horrible! Poor craftsmanship.,Negative
Exceeded my expectations. Highly recommend.,Positive
Very disappointed with the quality.,Negative
I love this product! It's amazing. Not recommended.,Positive
It broke after one use. Horrible! Would buy again.,Negative
Absolutely fantastic service! Highly recommend.,Positive
I love this product! It's amazing. Highly recommend.,Positive
Exceeded my expectations. Not recommended.,Positive
Satisfied with the purchase. Poor craftsmanship.,Positive
Exceeded my expectations. Not recommended.,Positive
Satisfied with the purchase. Highly recommend.,Positive
"Decent, but could be better. Excellent quality.",Neutral
"The quality is okay, not great. Not recommended.",Neutral
I love this product! It's amazing. Highly recommend.,Positive
Very disappointed with the quality. Not recommended.,Negative
Absolutely fantastic service! Waste of money.,Positive
Satisfied with the purchase. Excellent quality.,Positive
"Terrible experience, never buying again. Poor craftsmanship.",Negative
I love this product! It's amazing. Excellent quality.,Positive
Exceeded my expectations. Highly recommend.,Positive
Satisfied with the purchase.,Positive
"Terrible experience, never buying again. Excellent quality.",Negative
Very disappointed with the quality.,Negative
I love this product! It's amazing. Poor craftsmanship.,Positive
Worst product I’ve ever used. Highly recommend.,Negative
I love this product! It's amazing. Highly recommend.,Positive
It broke after one use. Horrible! Highly recommend.,Negative
Worst product I’ve ever used. Highly recommend.,Negative
Worst product I’ve ever used. Poor craftsmanship.,Negative
Worst product I’ve ever used.,Negative
Satisfied with the purchase.,Positive
It broke after one use. Horrible! Highly recommend.,Negative
Satisfied with the purchase.,Positive
Absolutely fantastic service! Poor craftsmanship.,Positive
I love this product! It's amazing.,Positive
It broke after one use. Horrible! Excellent quality.,Negative
Satisfied with the purchase. Poor craftsmanship.,Positive
"Terrible experience, never buying again. Highly recommend.",Negative
Satisfied with the purchase. Would buy again.,Positive
Satisfied with the purchase.,Positive
"The quality is okay, not great. Waste of money.",Neutral
Absolutely fantastic service! Not recommended.,Positive
"Terrible experience, never buying again. Excellent quality.",Negative
Exceeded my expectations. Excellent quality.,Positive
I love this product! It's amazing. Would buy again.,Positive
I love this product! It's amazing. Highly recommend.,Positive
"The quality is okay, not great. Highly recommend.",Neutral
"The quality is okay, not great. Would buy again.",Neutral
I love this product! It's amazing. Poor craftsmanship.,Positive
It broke after one use. Horrible! Waste of money.,Negative
"The quality is okay, not great. Not recommended.",Neutral
It broke after one use. Horrible! Not recommended.,Negative
Worst product I’ve ever used. Excellent quality.,Negative
"Terrible experience, never buying again. Would buy again.",Negative
Worst product I’ve ever used. Poor craftsmanship.,Negative
"Terrible experience, never buying again. Excellent quality.",Negative
"The quality is okay, not great. Excellent quality.",Neutral
Satisfied with the purchase. Poor craftsmanship.,Positive
I love this product! It's amazing. Poor craftsmanship.,Positive
Worst product I’ve ever used. Highly recommend.,Negative
"Decent, but could be better.",Neutral
Very disappointed with the quality. Would buy again.,Negative
Exceeded my expectations.,Positive
I love this product! It's amazing. Poor craftsmanship.,Positive
"The quality is okay, not great. Not recommended.",Neutral
"The quality is okay, not great. Not recommended.",Neutral
I love this product! It's amazing. Would buy again.,Positive
I love this product! It's amazing. Would buy again.,Positive
Satisfied with the purchase. Would buy again.,Positive
"Terrible experience, never buying again. Highly recommend.",Negative
"Terrible experience, never buying again.",Negative
"The quality is okay, not great. Waste of money.",Neutral
Satisfied with the purchase. Would buy again.,Positive
Absolutely fantastic service! Not recommended.,Positive
Very disappointed with the quality. Highly recommend.,Negative
"The quality is okay, not great. Would buy again.",Neutral
"The quality is okay, not great.",Neutral
Very disappointed with the quality. Waste of money.,Negative
Worst product I’ve ever used. Excellent quality.,Negative
It broke after one use. Horrible! Not recommended.,Negative
Satisfied with the purchase. Highly recommend.,Positive
"The quality is okay, not great. Excellent quality.",Neutral
Exceeded my expectations. Excellent quality.,Positive
Absolutely fantastic service! Poor craftsmanship.,Positive
"Decent, but could be better. Excellent quality.",Neutral
It broke after one use. Horrible! Not recommended.,Negative
Absolutely fantastic service! Highly recommend.,Positive
"Decent, but could be better.",Neutral
Absolutely fantastic service! Not recommended.,Positive
Worst product I’ve ever used. Excellent quality.,Negative
Very disappointed with the quality. Highly recommend.,Negative
Very disappointed with the quality. Would buy again.,Negative
Exceeded my expectations. Excellent quality.,Positive
Worst product I’ve ever used. Highly recommend.,Negative
Satisfied with the purchase.,Positive
Absolutely fantastic service! Highly recommend.,Positive
"Terrible experience, never buying again. Excellent quality.",Negative
Exceeded my expectations. Would buy again.,Positive
"Terrible experience, never buying again. Poor craftsmanship.",Negative
I love this product! It's amazing. Not recommended.,Positive
"Terrible experience, never buying again. Waste of money.",Negative
Absolutely fantastic service! Waste of money.,Positive
Satisfied with the purchase. Not recommended.,Positive
Very disappointed with the quality. Highly recommend.,Negative
"Terrible experience, never buying again. Not recommended.",Negative
I love this product! It's amazing.,Positive
It broke after one use. Horrible! Excellent quality.,Negative
"Decent, but could be better. Highly recommend.",Neutral
"Decent, but could be better. Would buy again.",Neutral
Absolutely fantastic service! Not recommended.,Positive
It broke after one use. Horrible! Waste of money.,Negative
Absolutely fantastic service! Would buy again.,Positive
Exceeded my expectations. Not recommended.,Positive
It broke after one use. Horrible! Poor craftsmanship.,Negative
I love this product! It's amazing. Highly recommend.,Positive
Very disappointed with the quality. Excellent quality.,Negative
It broke after one use. Horrible! Would buy again.,Negative
"Terrible experience, never buying again. Excellent quality.",Negative
I love this product! It's amazing. Highly recommend.,Positive
Worst product I’ve ever used. Not recommended.,Negative
Very disappointed with the quality. Highly recommend.,Negative
"The quality is okay, not great. Waste of money.",Neutral
Absolutely fantastic service! Poor craftsmanship.,Positive
Worst product I’ve ever used. Excellent quality.,Negative
Very disappointed with the quality. Poor craftsmanship.,Negative
"Decent, but could be better. Highly recommend.",Neutral
"Decent, but could be better. Excellent quality.",Neutral
Exceeded my expectations. Would buy again.,Positive
"Decent, but could be better. Highly recommend.",Neutral
"Terrible experience, never buying again. Poor craftsmanship.",Negative
"Decent, but could be better. Not recommended.",Neutral
"Terrible experience, never buying again. Waste of money.",Negative
Satisfied with the purchase.,Positive
Worst product I’ve ever used. Would buy again.,Negative
"Terrible experience, never buying again. Would buy again.",Negative
Exceeded my expectations. Poor craftsmanship.,Positive
Very disappointed with the quality. Would buy again.,Negative
Worst product I’ve ever used.,Negative
Exceeded my expectations. Would buy again.,Positive
Absolutely fantastic service! Not recommended.,Positive
"Terrible experience, never buying again. Would buy again.",Negative
Satisfied with the purchase. Not recommended.,Positive
Exceeded my expectations. Not recommended.,Positive
"Terrible experience, never buying again. Would buy again.",Negative
Exceeded my expectations.,Positive
Exceeded my expectations. Waste of money.,Positive
"Terrible experience, never buying again. Waste of money.",Negative
Very disappointed with the quality. Highly recommend.,Negative
I love this product! It's amazing.,Positive
Exceeded my expectations. Not recommended.,Positive
Exceeded my expectations. Highly recommend.,Positive
Exceeded my expectations. Waste of money.,Positive
Exceeded my expectations. Highly recommend.,Positive
Exceeded my expectations. Would buy again.,Positive
I love this product! It's amazing. Excellent quality.,Positive
Worst product I’ve ever used. Highly recommend.,Negative
I love this product! It's amazing. Not recommended.,Positive
Exceeded my expectations. Waste of money.,Positive
Exceeded my expectations. Waste of money.,Positive
Very disappointed with the quality. Highly recommend.,Negative
"Decent, but could be better. Would buy again.",Neutral
Very disappointed with the quality. Would buy again.,Negative
Satisfied with the purchase. Would buy again.,Positive
Exceeded my expectations.,Positive
Absolutely fantastic service! Waste of money.,Positive
Absolutely fantastic service!,Positive
It broke after one use. Horrible! Poor craftsmanship.,Negative
Exceeded my expectations.,Positive
"The quality is okay, not great. Waste of money.",Neutral
Worst product I’ve ever used. Poor craftsmanship.,Negative
"The quality is okay, not great. Would buy again.",Neutral
Very disappointed with the quality. Waste of money.,Negative
"Terrible experience, never buying again.",Negative
"Decent, but could be better. Excellent quality.",Neutral
Absolutely fantastic service! Poor craftsmanship.,Positive
Very disappointed with the quality. Would buy again.,Negative
I love this product! It's amazing. Not recommended.,Positive
Satisfied with the purchase.,Positive
"Terrible experience, never buying again. Would buy again.",Negative
Satisfied with the purchase.,Positive
Very disappointed with the quality. Excellent quality.,Negative
Worst product I’ve ever used. Not recommended.,Negative
It broke after one use. Horrible! Not recommended.,Negative
I love this product! It's amazing. Excellent quality.,Positive
"Decent, but could be better. Not recommended.",Neutral
"The quality is okay, not great. Not recommended.",Neutral
Absolutely fantastic service!,Positive
Satisfied with the purchase. Waste of money.,Positive
"The quality is okay, not great. Excellent quality.",Neutral
"Decent, but could be better. Poor craftsmanship.",Neutral
Worst product I’ve ever used.,Negative
"Terrible experience, never buying again.",Negative
Worst product I’ve ever used. Waste of money.,Negative
"Decent, but could be better. Highly recommend.",Neutral
Very disappointed with the quality. Excellent quality.,Negative
"Terrible experience, never buying again. Excellent quality.",Negative
Very disappointed with the quality.,Negative
Satisfied with the purchase. Would buy again.,Positive
It broke after one use. Horrible! Poor craftsmanship.,Negative
It broke after one use. Horrible! Waste of money.,Negative
"The quality is okay, not great. Would buy again.",Neutral
"The quality is okay, not great. Not recommended.",Neutral
Very disappointed with the quality. Not recommended.,Negative
"Terrible experience, never buying again.",Negative
Satisfied with the purchase. Waste of money.,Positive
Worst product I’ve ever used. Poor craftsmanship.,Negative
It broke after one use. Horrible!,Negative
"Terrible experience, never buying again. Highly recommend.",Negative
I love this product! It's amazing. Excellent quality.,Positive
It broke after one use. Horrible!,Negative
"Decent, but could be better. Waste of money.",Neutral
I love this product! It's amazing. Highly recommend.,Positive
Exceeded my expectations.,Positive
"Decent, but could be better. Highly recommend.",Neutral
Exceeded my expectations. Would buy again.,Positive
Very disappointed with the quality. Waste of money.,Negative
"Terrible experience, never buying again. Highly recommend.",Negative
"Terrible experience, never buying again. Would buy again.",Negative
Worst product I’ve ever used.,Negative
Satisfied with the purchase. Would buy again.,Positive
Exceeded my expectations.,Positive
It broke after one use. Horrible! Poor craftsmanship.,Negative
It broke after one use. Horrible! Highly recommend.,Negative
Absolutely fantastic service! Not recommended.,Positive
"Decent, but could be better. Poor craftsmanship.",Neutral
I love this product! It's amazing. Excellent quality.,Positive
Satisfied with the purchase. Poor craftsmanship.,Positive
Worst product I’ve ever used. Would buy again.,Negative
"The quality is okay, not great. Not recommended.",Neutral
"The quality is okay, not great. Poor craftsmanship.",Neutral
Very disappointed with the quality. Waste of money.,Negative
"Decent, but could be better.",Neutral
"Decent, but could be better. Would buy again.",Neutral
It broke after one use. Horrible! Not recommended.,Negative
Absolutely fantastic service! Would buy again.,Positive
"Terrible experience, never buying again. Excellent quality.",Negative
"Terrible experience, never buying again. Poor craftsmanship.",Negative
I love this product! It's amazing. Highly recommend.,Positive
"The quality is okay, not great. Waste of money.",Neutral
Absolutely fantastic service! Excellent quality.,Positive
Absolutely fantastic service! Not recommended.,Positive
Exceeded my expectations. Would buy again.,Positive
Satisfied with the purchase.,Positive
Exceeded my expectations. Would buy again.,Positive
Very disappointed with the quality.,Negative
Very disappointed with the quality. Excellent quality.,Negative
Satisfied with the purchase.,Positive
Satisfied with the purchase. Excellent quality.,Positive
Exceeded my expectations. Waste of money.,Positive
It broke after one use. Horrible! Poor craftsmanship.,Negative
Worst product I’ve ever used. Not recommended.,Negative
Exceeded my expectations. Not recommended.,Positive
Worst product I’ve ever used. Highly recommend.,Negative
Absolutely fantastic service! Highly recommend.,Positive
I love this product! It's amazing. Highly recommend.,Positive
Satisfied with the purchase. Excellent quality.,Positive
Absolutely fantastic service! Poor craftsmanship.,Positive
Absolutely fantastic service! Would buy again.,Positive
It broke after one use. Horrible! Highly recommend.,Negative
Very disappointed with the quality. Waste of money.,Negative
Satisfied with the purchase. Poor craftsmanship.,Positive
Absolutely fantastic service!,Positive
"The quality is okay, not great.",Neutral
Exceeded my expectations. Excellent quality.,Positive
Exceeded my expectations. Not recommended.,Positive
Absolutely fantastic service!,Positive
Satisfied with the purchase. Highly recommend.,Positive
Very disappointed with the quality. Not recommended.,Negative
"The quality is okay, not great. Not recommended.",Neutral
"Terrible experience, never buying again. Would buy again.",Negative
"Terrible experience, never buying again. Not recommended.",Negative
Exceeded my expectations. Highly recommend.,Positive
It broke after one use. Horrible! Waste of money.,Negative
"Decent, but could be better. Excellent quality.",Neutral
Absolutely fantastic service! Waste of money.,Positive
Worst product I’ve ever used. Excellent quality.,Negative
I love this product! It's amazing. Poor craftsmanship.,Positive
"Decent, but could be better. Highly recommend.",Neutral
Satisfied with the purchase. Waste of money.,Positive
Exceeded my expectations. Excellent quality.,Positive
Very disappointed with the quality. Highly recommend.,Negative
Absolutely fantastic service! Would buy again.,Positive
Exceeded my expectations. Highly recommend.,Positive
"Decent, but could be better. Poor craftsmanship.",Neutral
Absolutely fantastic service! Would buy again.,Positive
"Terrible experience, never buying again. Poor craftsmanship.",Negative
I love this product! It's amazing. Waste of money.,Positive
"The quality is okay, not great. Not recommended.",Neutral
Exceeded my expectations. Not recommended.,Positive
Absolutely fantastic service! Waste of money.,Positive
Worst product I’ve ever used. Waste of money.,Negative
It broke after one use. Horrible! Excellent quality.,Negative
Exceeded my expectations. Waste of money.,Positive
It broke after one use. Horrible! Would buy again.,Negative
It broke after one use. Horrible! Waste of money.,Negative
Absolutely fantastic service!,Positive
Absolutely fantastic service! Excellent quality.,Positive
Very disappointed with the quality. Poor craftsmanship.,Negative
"The quality is okay, not great. Would buy again.",Neutral
"The quality is okay, not great. Not recommended.",Neutral
"Terrible experience, never buying again. Would buy again.",Negative
Satisfied with the purchase. Waste of money.,Positive
Satisfied with the purchase. Excellent quality.,Positive
"The quality is okay, not great. Highly recommend.",Neutral
"Terrible experience, never buying again. Waste of money.",Negative
Satisfied with the purchase. Excellent quality.,Positive
"Decent, but could be better. Would buy again.",Neutral
Very disappointed with the quality. Highly recommend.,Negative
"The quality is okay, not great.",Neutral
"Decent, but could be better. Would buy again.",Neutral
It broke after one use. Horrible!,Negative
"Terrible experience, never buying again. Poor craftsmanship.",Negative
It broke after one use. Horrible! Excellent quality.,Negative
Very disappointed with the quality. Excellent quality.,Negative
Worst product I’ve ever used.,Negative
Absolutely fantastic service!,Positive
"Terrible experience, never buying again. Waste of money.",Negative
I love this product! It's amazing. Waste of money.,Positive
I love this product! It's amazing. Would buy again.,Positive
I love this product! It's amazing.,Positive
"Terrible experience, never buying again. Poor craftsmanship.",Negative
"The quality is okay, not great. Excellent quality.",Neutral
"Decent, but could be better.",Neutral
Exceeded my expectations. Excellent quality.,Positive
I love this product! It's amazing. Waste of money.,Positive
Very disappointed with the quality. Not recommended.,Negative
"Terrible experience, never buying again. Highly recommend.",Negative
Exceeded my expectations. Waste of money.,Positive
Worst product I’ve ever used.,Negative
"Decent, but could be better. Excellent quality.",Neutral
I love this product! It's amazing. Waste of money.,Positive
"Terrible experience, never buying again. Excellent quality.",Negative
"Terrible experience, never buying again. Poor craftsmanship.",Negative
"The quality is okay, not great.",Neutral
I love this product! It's amazing. Not recommended.,Positive
Exceeded my expectations.,Positive
"The quality is okay, not great.",Neutral
I love this product! It's amazing. Highly recommend.,Positive
"The quality is okay, not great. Waste of money.",Neutral
Worst product I’ve ever used. Highly recommend.,Negative
Worst product I’ve ever used. Poor craftsmanship.,Negative
Satisfied with the purchase. Would buy again.,Positive
I love this product! It's amazing. Poor craftsmanship.,Positive
Very disappointed with the quality. Poor craftsmanship.,Negative
Satisfied with the purchase. Highly recommend.,Positive
It broke after one use. Horrible! Would buy again.,Negative
"The quality is okay, not great. Waste of money.",Neutral
"The quality is okay, not great. Highly recommend.",Neutral
"Decent, but could be better.",Neutral
Satisfied with the purchase. Not recommended.,Positive
"Decent, but could be better. Highly recommend.",Neutral
"The quality is okay, not great. Waste of money.",Neutral
Worst product I’ve ever used. Highly recommend.,Negative
"The quality is okay, not great. Not recommended.",Neutral
"Decent, but could be better. Waste of money.",Neutral
"The quality is okay, not great. Highly recommend.",Neutral
Very disappointed with the quality. Excellent quality.,Negative
"Terrible experience, never buying again. Highly recommend.",Negative
"The quality is okay, not great.",Neutral
Very disappointed with the quality. Would buy again.,Negative
I love this product! It's amazing. Excellent quality.,Positive
"Terrible experience, never buying again. Highly recommend.",Negative
Worst product I’ve ever used. Not recommended.,Negative
I love this product! It's amazing. Waste of money.,Positive
"The quality is okay, not great. Would buy again.",Neutral
Worst product I’ve ever used. Waste of money.,Negative
"The quality is okay, not great. Not recommended.",Neutral
Satisfied with the purchase. Waste of money.,Positive
"Decent, but could be better. Would buy again.",Neutral
Worst product I’ve ever used. Excellent quality.,Negative
Absolutely fantastic service! Excellent quality.,Positive
Satisfied with the purchase.,Positive
Worst product I’ve ever used. Highly recommend.,Negative
Satisfied with the purchase. Excellent quality.,Positive
"Decent, but could be better. Not recommended.",Neutral
Absolutely fantastic service! Highly recommend.,Positive
"The quality is okay, not great. Highly recommend.",Neutral
"The quality is okay, not great. Waste of money.",Neutral
Exceeded my expectations. Not recommended.,Positive
Worst product I’ve ever used. Waste of money.,Negative
Very disappointed with the quality. Highly recommend.,Negative
Very disappointed with the quality. Excellent quality.,Negative
Absolutely fantastic service! Waste of money.,Positive
"Decent, but could be better. Highly recommend.",Neutral
It broke after one use. Horrible! Poor craftsmanship.,Negative
I love this product! It's amazing.,Positive
Absolutely fantastic service! Waste of money.,Positive
"Decent, but could be better. Waste of money.",Neutral
Satisfied with the purchase. Waste of money.,Positive
I love this product! It's amazing. Would buy again.,Positive
It broke after one use. Horrible! Highly recommend.,Negative
Satisfied with the purchase. Poor craftsmanship.,Positive
Satisfied with the purchase. Poor craftsmanship.,Positive
Absolutely fantastic service!,Positive
Absolutely fantastic service! Not recommended.,Positive
Exceeded my expectations. Would buy again.,Positive
I love this product! It's amazing. Waste of money.,Positive
It broke after one use. Horrible! Excellent quality.,Negative
Very disappointed with the quality. Highly recommend.,Negative
"The quality is okay, not great.",Neutral
Very disappointed with the quality. Waste of money.,Negative
Worst product I’ve ever used. Would buy again.,Negative
Absolutely fantastic service!,Positive
"Decent, but could be better. Waste of money.",Neutral
Exceeded my expectations. Waste of money.,Positive
Absolutely fantastic service! Excellent quality.,Positive
"Decent, but could be better. Poor craftsmanship.",Neutral
I love this product! It's amazing. Poor craftsmanship.,Positive
Satisfied with the purchase.,Positive
Absolutely fantastic service! Waste of money.,Positive
I love this product! It's amazing. Waste of money.,Positive
"Terrible experience, never buying again.",Negative
Satisfied with the purchase. Highly recommend.,Positive
Exceeded my expectations. Excellent quality.,Positive
I love this product! It's amazing. Highly recommend.,Positive
Worst product I’ve ever used. Excellent quality.,Negative
"Decent, but could be better.",Neutral
"Decent, but could be better. Not recommended.",Neutral
Absolutely fantastic service! Would buy again.,Positive
Absolutely fantastic service! Highly recommend.,Positive
Exceeded my expectations.,Positive
It broke after one use. Horrible! Would buy again.,Negative
Very disappointed with the quality. Not recommended.,Negative
It broke after one use. Horrible! Highly recommend.,Negative
Absolutely fantastic service! Waste of money.,Positive
Exceeded my expectations. Excellent quality.,Positive
Satisfied with the purchase. Not recommended.,Positive
It broke after one use. Horrible! Excellent quality.,Negative
I love this product! It's amazing. Would buy again.,Positive
Satisfied with the purchase. Not recommended.,Positive
Absolutely fantastic service! Not recommended.,Positive
Very disappointed with the quality. Excellent quality.,Negative
"The quality is okay, not great.",Neutral
Exceeded my expectations. Highly recommend.,Positive
Exceeded my expectations. Highly recommend.,Positive
It broke after one use. Horrible! Poor craftsmanship.,Negative
"Decent, but could be better.",Neutral
Absolutely fantastic service! Not recommended.,Positive
"Terrible experience, never buying again. Waste of money.",Negative
"Terrible experience, never buying again. Waste of money.",Negative
Satisfied with the purchase. Would buy again.,Positive
Exceeded my expectations. Poor craftsmanship.,Positive
Very disappointed with the quality. Highly recommend.,Negative
Exceeded my expectations. Waste of money.,Positive
Very disappointed with the quality. Excellent quality.,Negative
Satisfied with the purchase.,Positive
Satisfied with the purchase. Highly recommend.,Positive
I love this product! It's amazing. Highly recommend.,Positive
"Terrible experience, never buying again. Would buy again.",Negative
It broke after one use. Horrible! Would buy again.,Negative
"The quality is okay, not great. Excellent quality.",Neutral
Worst product I’ve ever used. Would buy again.,Negative
I love this product! It's amazing. Waste of money.,Positive
Exceeded my expectations. Would buy again.,Positive
Very disappointed with the quality. Not recommended.,Negative
"Terrible experience, never buying again. Highly recommend.",Negative
"Decent, but could be better. Waste of money.",Neutral
"The quality is okay, not great. Not recommended.",Neutral
Absolutely fantastic service! Not recommended.,Positive
"The quality is okay, not great. Waste of money.",Neutral
Exceeded my expectations. Highly recommend.,Positive
Worst product I’ve ever used.,Negative
I love this product! It's amazing.,Positive
"Terrible experience, never buying again. Not recommended.",Negative
Satisfied with the purchase. Waste of money.,Positive
It broke after one use. Horrible! Would buy again.,Negative
Absolutely fantastic service! Waste of money.,Positive
Absolutely fantastic service! Poor craftsmanship.,Positive
"Terrible experience, never buying again. Not recommended.",Negative
I love this product! It's amazing. Not recommended.,Positive
"The quality is okay, not great. Poor craftsmanship.",Neutral
"Decent, but could be better. Poor craftsmanship.",Neutral
"The quality is okay, not great. Not recommended.",Neutral
Worst product I’ve ever used. Waste of money.,Negative
"The quality is okay, not great.",Neutral
Absolutely fantastic service! Waste of money.,Positive
Satisfied with the purchase. Excellent quality.,Positive
I love this product! It's amazing. Highly recommend.,Positive
I love this product! It's amazing. Poor craftsmanship.,Positive
"The quality is okay, not great. Poor craftsmanship.",Neutral
"Decent, but could be better. Poor craftsmanship.",Neutral
"Decent, but could be better. Excellent quality.",Neutral
Absolutely fantastic service! Excellent quality.,Positive
"The quality is okay, not great. Excellent quality.",Neutral
"Terrible experience, never buying again. Would buy again.",Negative
I love this product! It's amazing. Highly recommend.,Positive
Absolutely fantastic service! Excellent quality.,Positive
It broke after one use. Horrible! Poor craftsmanship.,Negative
"Decent, but could be better. Excellent quality.",Neutral
I love this product! It's amazing. Not recommended.,Positive
Exceeded my expectations. Would buy again.,Positive
Satisfied with the purchase.,Positive
Satisfied with the purchase. Would buy again.,Positive
"The quality is okay, not great. Highly recommend.",Neutral
Absolutely fantastic service! Waste of money.,Positive
Exceeded my expectations. Waste of money.,Positive
I love this product! It's amazing. Not recommended.,Positive
Absolutely fantastic service! Excellent quality.,Positive
I love this product! It's amazing. Not recommended.,Positive
"The quality is okay, not great. Would buy again.",Neutral
Exceeded my expectations. Highly recommend.,Positive
"Terrible experience, never buying again. Poor craftsmanship.",Negative
"The quality is okay, not great.",Neutral
I love this product! It's amazing. Waste of money.,Positive
Worst product I’ve ever used. Poor craftsmanship.,Negative
"Terrible experience, never buying again. Poor craftsmanship.",Negative
I love this product! It's amazing. Poor craftsmanship.,Positive
Very disappointed with the quality. Excellent quality.,Negative
"The quality is okay, not great. Waste of money.",Neutral
It broke after one use. Horrible! Highly recommend.,Negative
Absolutely fantastic service! Highly recommend.,Positive
Absolutely fantastic service! Waste of money.,Positive
"Decent, but could be better. Not recommended.",Neutral
Absolutely fantastic service! Highly recommend.,Positive
Worst product I’ve ever used. Excellent quality.,Negative
"Terrible experience, never buying again. Not recommended.",Negative
Absolutely fantastic service! Not recommended.,Positive
Exceeded my expectations. Would buy again.,Positive
Exceeded my expectations. Poor craftsmanship.,Positive
It broke after one use. Horrible! Poor craftsmanship.,Negative
I love this product! It's amazing. Not recommended.,Positive
Very disappointed with the quality. Would buy again.,Negative
Absolutely fantastic service! Not recommended.,Positive
"Terrible experience, never buying again. Would buy again.",Negative
Absolutely fantastic service! Excellent quality.,Positive
Very disappointed with the quality. Not recommended.,Negative
I love this product! It's amazing. Excellent quality.,Positive
Worst product I’ve ever used. Waste of money.,Negative
Satisfied with the purchase. Not recommended.,Positive
Satisfied with the purchase.,Positive
Very disappointed with the quality. Poor craftsmanship.,Negative
Satisfied with the purchase. Would buy again.,Positive
"The quality is okay, not great. Waste of money.",Neutral
"Terrible experience, never buying again.",Negative
"Terrible experience, never buying again.",Negative
Absolutely fantastic service! Not recommended.,Positive
Very disappointed with the quality. Excellent quality.,Negative
"The quality is okay, not great.",Neutral
It broke after one use. Horrible! Poor craftsmanship.,Negative
It broke after one use. Horrible! Excellent quality.,Negative
It broke after one use. Horrible! Poor craftsmanship.,Negative
"The quality is okay, not great. Poor craftsmanship.",Neutral
Very disappointed with the quality. Poor craftsmanship.,Negative
"The quality is okay, not great. Poor craftsmanship.",Neutral
Worst product I’ve ever used. Would buy again.,Negative
It broke after one use. Horrible! Excellent quality.,Negative
"Terrible experience, never buying again. Poor craftsmanship.",Negative
Satisfied with the purchase. Not recommended.,Positive
"Decent, but could be better. Waste of money.",Neutral
Satisfied with the purchase. Not recommended.,Positive
Very disappointed with the quality.,Negative
Very disappointed with the quality. Waste of money.,Negative
Worst product I’ve ever used. Would buy again.,Negative
"Terrible experience, never buying again. Waste of money.",Negative
"Terrible experience, never buying again. Waste of money.",Negative
"Terrible experience, never buying again.",Negative
"Decent, but could be better.",Neutral
Worst product I’ve ever used. Excellent quality.,Negative
"Decent, but could be better.",Neutral
Very disappointed with the quality. Not recommended.,Negative
Very disappointed with the quality. Would buy again.,Negative
Satisfied with the purchase. Would buy again.,Positive
"Decent, but could be better. Would buy again.",Neutral
Exceeded my expectations. Waste of money.,Positive
Satisfied with the purchase. Highly recommend.,Positive
Exceeded my expectations. Highly recommend.,Positive
"Decent, but could be better. Would buy again.",Neutral
"Terrible experience, never buying again. Waste of money.",Negative
I love this product! It's amazing. Not recommended.,Positive
Worst product I’ve ever used. Waste of money.,Negative
Very disappointed with the quality. Excellent quality.,Negative
Absolutely fantastic service! Poor craftsmanship.,Positive
Absolutely fantastic service!,Positive
Exceeded my expectations. Not recommended.,Positive
Satisfied with the purchase. Excellent quality.,Positive
Worst product I’ve ever used. Highly recommend.,Negative
Satisfied with the purchase.,Positive
"Decent, but could be better. Would buy again.",Neutral
Very disappointed with the quality.,Negative
Very disappointed with the quality.,Negative
"Terrible experience, never buying again. Would buy again.",Negative
I love this product! It's amazing. Not recommended.,Positive
Satisfied with the purchase.,Positive
"The quality is okay, not great. Waste of money.",Neutral
"Terrible experience, never buying again. Not recommended.",Negative
"The quality is okay, not great.",Neutral
Worst product I’ve ever used.,Negative
Satisfied with the purchase. Waste of money.,Positive
"Decent, but could be better. Poor craftsmanship.",Neutral
I love this product! It's amazing.,Positive
"Terrible experience, never buying again. Waste of money.",Negative
It broke after one use. Horrible! Poor craftsmanship.,Negative
Very disappointed with the quality. Poor craftsmanship.,Negative
"Decent, but could be better. Highly recommend.",Neutral
"Decent, but could be better. Waste of money.",Neutral
Absolutely fantastic service! Not recommended.,Positive
"Terrible experience, never buying again.",Negative
Exceeded my expectations. Excellent quality.,Positive
Worst product I’ve ever used. Would buy again.,Negative
Absolutely fantastic service!,Positive
Exceeded my expectations. Not recommended.,Positive
It broke after one use. Horrible!,Negative
"Terrible experience, never buying again. Excellent quality.",Negative
Satisfied with the purchase. Highly recommend.,Positive
It broke after one use. Horrible! Excellent quality.,Negative
Exceeded my expectations. Waste of money.,Positive
Worst product I’ve ever used. Poor craftsmanship.,Negative
"Decent, but could be better.",Neutral
It broke after one use. Horrible! Highly recommend.,Negative
Exceeded my expectations. Would buy again.,Positive
Absolutely fantastic service! Not recommended.,Positive
Satisfied with the purchase. Waste of money.,Positive
Satisfied with the purchase. Poor craftsmanship.,Positive
"The quality is okay, not great. Waste of money.",Neutral
"Terrible experience, never buying again. Waste of money.",Negative
"Terrible experience, never buying again. Would buy again.",Negative
"The quality is okay, not great. Poor craftsmanship.",Neutral
Worst product I’ve ever used. Highly recommend.,Negative
It broke after one use. Horrible! Poor craftsmanship.,Negative
Absolutely fantastic service! Waste of money.,Positive
Very disappointed with the quality. Not recommended.,Negative
It broke after one use. Horrible!,Negative
Satisfied with the purchase.,Positive
Absolutely fantastic service! Highly recommend.,Positive
Very disappointed with the quality. Not recommended.,Negative
I love this product! It's amazing. Would buy again.,Positive
"Terrible experience, never buying again. Waste of money.",Negative
"Terrible experience, never buying again. Highly recommend.",Negative
Satisfied with the purchase.,Positive
Satisfied with the purchase. Waste of money.,Positive
"Decent, but could be better. Not recommended.",Neutral
"Terrible experience, never buying again.",Negative
Absolutely fantastic service! Would buy again.,Positive
Exceeded my expectations. Waste of money.,Positive
"The quality is okay, not great. Would buy again.",Neutral
"Decent, but could be better. Waste of money.",Neutral
"The quality is okay, not great. Would buy again.",Neutral
Exceeded my expectations. Waste of money.,Positive
It broke after one use. Horrible! Excellent quality.,Negative
Exceeded my expectations.,Positive
It broke after one use. Horrible! Waste of money.,Negative
I love this product! It's amazing. Excellent quality.,Positive
I love this product! It's amazing. Highly recommend.,Positive
It broke after one use. Horrible! Waste of money.,Negative
It broke after one use. Horrible! Highly recommend.,Negative
Very disappointed with the quality. Poor craftsmanship.,Negative
Very disappointed with the quality. Not recommended.,Negative
Worst product I’ve ever used.,Negative
"Decent, but could be better. Excellent quality.",Neutral
"Terrible experience, never buying again. Highly recommend.",Negative
Satisfied with the purchase. Highly recommend.,Positive
It broke after one use. Horrible! Poor craftsmanship.,Negative
It broke after one use. Horrible! Poor craftsmanship.,Negative
Exceeded my expectations. Excellent quality.,Positive
Worst product I’ve ever used. Not recommended.,Negative
Very disappointed with the quality. Waste of money.,Negative
"The quality is okay, not great. Highly recommend.",Neutral
I love this product! It's amazing. Not recommended.,Positive
I love this product! It's amazing.,Positive
"Terrible experience, never buying again. Poor craftsmanship.",Negative
Very disappointed with the quality. Would buy again.,Negative
Satisfied with the purchase. Highly recommend.,Positive
Worst product I’ve ever used.,Negative
Satisfied with the purchase. Not recommended.,Positive
"Terrible experience, never buying again. Not recommended.",Negative
Exceeded my expectations. Waste of money.,Positive
"Terrible experience, never buying again. Waste of money.",Negative
Very disappointed with the quality. Not recommended.,Negative
"Decent, but could be better. Excellent quality.",Neutral
Absolutely fantastic service! Waste of money.,Positive
Worst product I’ve ever used. Highly recommend.,Negative
It broke after one use. Horrible! Not recommended.,Negative
"Terrible experience, never buying again. Would buy again.",Negative
Exceeded my expectations. Highly recommend.,Positive
It broke after one use. Horrible! Excellent quality.,Negative
It broke after one use. Horrible! Highly recommend.,Negative
Very disappointed with the quality. Poor craftsmanship.,Negative
"Decent, but could be better. Waste of money.",Neutral
Very disappointed with the quality. Waste of money.,Negative
It broke after one use. Horrible!,Negative
"Decent, but could be better. Waste of money.",Neutral
Absolutely fantastic service! Highly recommend.,Positive
Satisfied with the purchase. Highly recommend.,Positive
Satisfied with the purchase. Would buy again.,Positive
Worst product I’ve ever used. Excellent quality.,Negative
Exceeded my expectations. Not recommended.,Positive
It broke after one use. Horrible! Excellent quality.,Negative
"Terrible experience, never buying again. Excellent quality.",Negative
Very disappointed with the quality. Not recommended.,Negative
I love this product! It's amazing. Highly recommend.,Positive
Exceeded my expectations. Poor craftsmanship.,Positive
Worst product I’ve ever used. Highly recommend.,Negative
Exceeded my expectations. Waste of money.,Positive
"The quality is okay, not great. Poor craftsmanship.",Neutral
"The quality is okay, not great. Excellent quality.",Neutral
"The quality is okay, not great. Poor craftsmanship.",Neutral
"The quality is okay, not great.",Neutral
"The quality is okay, not great. Highly recommend.",Neutral
Worst product I’ve ever used. Not recommended.,Negative
Exceeded my expectations. Would buy again.,Positive
Exceeded my expectations.,Positive
Absolutely fantastic service! Highly recommend.,Positive
"Terrible experience, never buying again. Excellent quality.",Negative
Satisfied with the purchase. Highly recommend.,Positive
Absolutely fantastic service! Waste of money.,Positive
"Decent, but could be better. Highly recommend.",Neutral
I love this product! It's amazing. Highly recommend.,Positive
It broke after one use. Horrible! Highly recommend.,Negative
I love this product! It's amazing. Excellent quality.,Positive
Worst product I’ve ever used. Would buy again.,Negative
Satisfied with the purchase. Not recommended.,Positive
"Terrible experience, never buying again. Would buy again.",Negative
It broke after one use. Horrible! Highly recommend.,Negative
"Decent, but could be better.",Neutral
"Decent, but could be better. Highly recommend.",Neutral
"Terrible experience, never buying again. Not recommended.",Negative
"The quality is okay, not great. Highly recommend.",Neutral
"Decent, but could be better.",Neutral
"The quality is okay, not great. Waste of money.",Neutral
Exceeded my expectations. Poor craftsmanship.,Positive
Satisfied with the purchase.,Positive
I love this product! It's amazing. Highly recommend.,Positive
Absolutely fantastic service! Would buy again.,Positive
It broke after one use. Horrible!,Negative
"The quality is okay, not great. Poor craftsmanship.",Neutral
I love this product! It's amazing. Not recommended.,Positive
Exceeded my expectations. Excellent quality.,Positive
"Decent, but could be better.",Neutral
Worst product I’ve ever used. Highly recommend.,Negative
I love this product! It's amazing.,Positive
Exceeded my expectations. Highly recommend.,Positive
"Terrible experience, never buying again. Would buy again.",Negative
Very disappointed with the quality. Would buy again.,Negative
"The quality is okay, not great. Waste of money.",Neutral
It broke after one use. Horrible! Highly recommend.,Negative
Satisfied with the purchase. Poor craftsmanship.,Positive
Exceeded my expectations. Would buy again.,Positive
Very disappointed with the quality. Waste of money.,Negative
Exceeded my expectations. Poor craftsmanship.,Positive
Absolutely fantastic service! Not recommended.,Positive
"The quality is okay, not great. Poor craftsmanship.",Neutral
Exceeded my expectations. Poor craftsmanship.,Positive
Worst product I’ve ever used. Would buy again.,Negative
Exceeded my expectations.,Positive
Worst product I’ve ever used. Not recommended.,Negative
Worst product I’ve ever used. Not recommended.,Negative
Very disappointed with the quality. Highly recommend.,Negative
It broke after one use. Horrible! Would buy again.,Negative
Satisfied with the purchase. Would buy again.,Positive
Absolutely fantastic service! Waste of money.,Positive
Satisfied with the purchase. Not recommended.,Positive
Satisfied with the purchase. Would buy again.,Positive
Worst product I’ve ever used. Waste of money.,Negative
It broke after one use. Horrible! Highly recommend.,Negative
It broke after one use. Horrible!,Negative
Worst product I’ve ever used. Highly recommend.,Negative
"Terrible experience, never buying again. Excellent quality.",Negative
"Decent, but could be better. Would buy again.",Neutral
Exceeded my expectations. Poor craftsmanship.,Positive
Worst product I’ve ever used. Highly recommend.,Negative
I love this product! It's amazing. Excellent quality.,Positive
Worst product I’ve ever used. Poor craftsmanship.,Negative
Worst product I’ve ever used.,Negative
"The quality is okay, not great. Poor craftsmanship.",Neutral
"The quality is okay, not great. Highly recommend.",Neutral
"The quality is okay, not great. Would buy again.",Neutral
Worst product I’ve ever used.,Negative
"Decent, but could be better. Highly recommend.",Neutral
"The quality is okay, not great. Not recommended.",Neutral
Very disappointed with the quality. Would buy again.,Negative
"Decent, but could be better. Waste of money.",Neutral
Worst product I’ve ever used. Not recommended.,Negative
Very disappointed with the quality. Would buy again.,Negative
Absolutely fantastic service! Highly recommend.,Positive
Exceeded my expectations. Would buy again.,Positive
"The quality is okay, not great. Would buy again.",Neutral
